name,hours
Rushi,0:00:16.309890
Rushi,0:00:28.541635
,0:00:10.165556
,0:00:57.018447

Rushi,0:00:20.684089
