name,time,EAR
Rushi,17:19:27,0.2170776716666035
Rushi,17:19:29,0.19017756234207586
Rushi,17:19:37,0.19738449470024844
